<?xml version="1.0" encoding="UTF-8"?>
<beans xmlns="http://www.springframework.org/schema/beans"
       xmlns:xsi="http://www.w3.org/2001/XMLSchema-instance"
       xmlns:sec="http://www.springframework.org/schema/security"
       xmlns:cas="http://unicon.net/schema/cas"
       xsi:schemaLocation="http://www.springframework.org/schema/beans
                           http://www.springframework.org/schema/beans/spring-beans.xsd
                           http://www.springframework.org/schema/security
                           http://www.springframework.org/schema/security/spring-security-3.1.xsd
                           http://unicon.net/schema/cas
                           http://unicon.net/schema/cas/cas-addons.xsd">


    <cas:default-test-authentication-manager/>

    <cas:json-attribute-repository/>

    <cas:json-services-registry/>

    <cas:inspektr-log-files-audit-manager/>

    <cas:default-health-check-monitor/>

    <sec:user-service id="userDetailsService">
        <sec:user name="none" authorities="none"/>
    </sec:user-service>

</beans>
