<?xml version="1.0" encoding="UTF-8"?>

<beans xmlns="http://www.springframework.org/schema/beans"
       xmlns:xsi="http://www.w3.org/2001/XMLSchema-instance"       
       xmlns:task="http://www.springframework.org/schema/task"
       xmlns:context="http://www.springframework.org/schema/context"
       xmlns:cas="http://unicon.net/schema/cas"
       xmlns:resource="http://unicon.net/schema/resource"
       xsi:schemaLocation="http://www.springframework.org/schema/beans
                           http://www.springframework.org/schema/beans/spring-beans.xsd
                           http://www.springframework.org/schema/task
                           http://www.springframework.org/schema/task/spring-task.xsd
                           http://www.springframework.org/schema/context
                           http://www.springframework.org/schema/context/spring-context.xsd
                           http://unicon.net/schema/cas
                           http://unicon.net/schema/cas/cas-addons.xsd
                           http://unicon.net/schema/resource
                           http://unicon.net/schema/resource/resource.xsd">


    <!-- To enable JsonServiceRegistryDao#ServicesManagerInjectableBeanPostProcessor -->
    <context:component-scan base-package="net.unicon.cas.addons.serviceregistry">
        <context:exclude-filter type="annotation" expression="org.springframework.stereotype.Repository"/>
    </context:component-scan>

    <cas:disable-default-registered-services-reloading/>
    
    <resource:change-detector id="personAttributesChangeDetectingEventNotifier" watched-resource="${person.attributes.config.location}"/>
    
    <resource:change-detector id="registeredServicesChangeDetectingEventNotifier" watched-resource="${services.registry.config.location}"/>

    <task:scheduler id="springScheduler" pool-size="3"/>

    <task:scheduled-tasks scheduler="springScheduler">
        <task:scheduled ref="personAttributesChangeDetectingEventNotifier"
                        method="notifyOfTheResourceChangeEventIfNecessary" fixed-delay="5000"/>
        <task:scheduled ref="registeredServicesChangeDetectingEventNotifier"
                        method="notifyOfTheResourceChangeEventIfNecessary" fixed-delay="5000"/>
    </task:scheduled-tasks>

</beans>